<?xml version="1.0" encoding="UTF-8"?>
<project-private xmlns="http://www.netbeans.org/ns/project-private/1">
    <editor-bookmarks xmlns="http://www.netbeans.org/ns/editor-bookmarks/2" lastBookmarkId="0"/>
    <open-files xmlns="http://www.netbeans.org/ns/projectui-open-files/2">
        <group>
            <file>file:/home/lorenzi/NetBeansProjects/ExerciciosHerançaClasses_3AM_2023/src/exerciciosherançaclasses_3am_2023/ExemploPolimorfismo.java</file>
            <file>file:/home/lorenzi/NetBeansProjects/ExerciciosHerançaClasses_3AM_2023/src/exerciciosherançaclasses_3am_2023/ContaBancaria.java</file>
            <file>file:/home/lorenzi/NetBeansProjects/ExerciciosHerançaClasses_3AM_2023/src/exerciciosherançaclasses_3am_2023/ContaEspecial.java</file>
            <file>file:/home/lorenzi/NetBeansProjects/ExerciciosHerançaClasses_3AM_2023/src/exerciciosherançaclasses_3am_2023/Programa.java</file>
            <file>file:/home/lorenzi/NetBeansProjects/ExerciciosHerançaClasses_3AM_2023/src/exerciciosherançaclasses_3am_2023/Moto.java</file>
            <file>file:/home/lorenzi/NetBeansProjects/ExerciciosHerançaClasses_3AM_2023/src/exerciciosherançaclasses_3am_2023/ContaPoupanca.java</file>
            <file>file:/home/lorenzi/NetBeansProjects/ExerciciosHerançaClasses_3AM_2023/src/exerciciosherançaclasses_3am_2023/Carro.java</file>
            <file>file:/home/lorenzi/NetBeansProjects/ExerciciosHerançaClasses_3AM_2023/src/exerciciosherançaclasses_3am_2023/Triciclo.java</file>
            <file>file:/home/lorenzi/NetBeansProjects/ExerciciosHerançaClasses_3AM_2023/src/exerciciosherançaclasses_3am_2023/Veiculo.java</file>
        </group>
    </open-files>
</project-private>
