<?xml version="1.0" encoding="UTF-8"?>
<project-private xmlns="http://www.netbeans.org/ns/project-private/1">
    <editor-bookmarks xmlns="http://www.netbeans.org/ns/editor-bookmarks/2" lastBookmarkId="0"/>
    <open-files xmlns="http://www.netbeans.org/ns/projectui-open-files/2">
        <group>
            <file>file:/C:/Users/aluno/Documents/NetBeansProjects/OrientacaoObjetos3AM_2023/OrientacaoObjetos3AM_2023/src/orientacaoobjetos3am_2023/Carro.java</file>
            <file>file:/C:/Users/aluno/Documents/NetBeansProjects/OrientacaoObjetos3AM_2023/OrientacaoObjetos3AM_2023/src/orientacaoobjetos3am_2023/ProgramaCarro_AlocacaoDinamica.java</file>
            <file>file:/C:/Users/aluno/Documents/NetBeansProjects/OrientacaoObjetos3AM_2023/OrientacaoObjetos3AM_2023/src/orientacaoobjetos3am_2023/Lampada.java</file>
            <file>file:/C:/Users/aluno/Documents/NetBeansProjects/OrientacaoObjetos3AM_2023/OrientacaoObjetos3AM_2023/src/orientacaoobjetos3am_2023/Conta_Bancaria.java</file>
            <file>file:/C:/Users/aluno/Documents/NetBeansProjects/OrientacaoObjetos3AM_2023/OrientacaoObjetos3AM_2023/src/orientacaoobjetos3am_2023/Programa_L.java</file>
            <file>file:/C:/Users/aluno/Documents/NetBeansProjects/OrientacaoObjetos3AM_2023/OrientacaoObjetos3AM_2023/src/orientacaoobjetos3am_2023/Programa_CB.java</file>
            <file>file:/C:/Users/aluno/Documents/NetBeansProjects/OrientacaoObjetos3AM_2023/OrientacaoObjetos3AM_2023/src/orientacaoobjetos3am_2023/Programa.java</file>
        </group>
    </open-files>
</project-private>
